State,Full Name,County Treasurer Website,Phone Number,Email Address,County,Title,Contact Status,List Status,Cost,Cost Type,Notes,Response,,,
SD *,Jordan Rivera,Pennington County Treasurer,605-555-0101,jordan.rivera@pennington.example.gov,Pennington,Tax Collector,"Emailed, called",List Provided!,,,First contact went smoothly,Attached is the list you requested.,,,
WY,Taylor Brooks,Natrona County Treasurer,307-555-0110,taylor.brooks@natrona.example.gov,Natrona,Treasurer,Filled out form,Requires Payment,$75,List,Flat fee for the whole list,,,,
ID,Riley Chen,Ada County Treasurer,208-555-0199,riley.chen@ada.example.gov,Ada,Tax Collector,Emailed,Requires Payment,$1,Page,Priced per page; page count unknown,,,,
NM,Morgan Lee,Bernalillo County Treasurer,505-555-0142,morgan.lee@bernalillo.example.gov,Bernalillo,Tax Collector,Called,Requires Payment,$0.50,Listing,Priced per listing; listing count unknown,,,,
AR,Avery Patel,Pulaski County Treasurer,501-555-0175,N/A,Pulaski,Treasurer,Called,Do not Provide,,,Declined citing policy,,,,
SC,,Charleston County Tax Collector,843-555-0188,tax.collector@charleston.example.gov,Charleston,Tax Collector,,,,,,,,,
NC,Casey Morgan,Wake,919-555-0166,https://forms.wake.example.gov/contact-treasurer,,Treasurer,Filled out form,,,,Filled out the web form on 11/12/24,,,,
VT *,Drew Sanders,Chittenden County Treasurer,802-555-0133,,Chittenden,,,Providing,,,Waiting on callback,,,,
ME,Sam Okafor,Cumberland County Treasurer,207-555-0121,sam.okafor@cumberland.example.gov,Cumberland,Treasurer,Emailed,Requires Written Request,,,Needs a notarized public records request form,,2500,15%,375
